index,prototype_id,category,product_name,variant,istudio_sku,barcode,current_price_sgd,list_price_sgd,availability,verification_status,source_url,eval_role,verified_at
0,P001,Mac,13-inch MacBook Air M5,10-core CPU/8-core GPU;16GB;512GB;Sky Blue,MDHH4ZP/A,195950691825.0,1899.0,1899,BACKORDER,VERIFIED,https://www.istudiosg.com/products/13-inch-macbook-air-mdhh4zp-a,exact-id-positive,2026-09-30
1,P002,Mac,13-inch MacBook Air M5,10-core CPU/8-core GPU;16GB;1TB;Starlight,MDHC4ZP/A,,2349.0,2349,BACKORDER,VERIFIED,https://www.istudiosg.com/products/13-inch-macbook-air-mdhc4zp-a,hard-negative-storage,2026-09-30
2,P003,Mac,13-inch MacBook Air M5,10-core CPU/10-core GPU;24GB;512GB;Midnight,Z1L600009,,2199.0,2199,BACKORDER,VERIFIED,https://www.istudiosg.com/products/13-inch-macbook-air-apple-m5-chip-with-10-core-cpu-and-10-core-gpu-512gb-ssd-midnight,hard-negative-memory,2026-09-30
3,P004,Mac,15-inch MacBook Air M5,10-core CPU/10-core GPU;16GB;512GB;Silver,MDV94ZP/A,195950694475.0,2199.0,2199,OUT_OF_STOCK,VERIFIED,https://www.istudiosg.com/products/15-inch-macbook-air-mdv94zp-a,hard-negative-screen-size,2026-09-30
4,P005,Mac,15-inch MacBook Air M5,10-core CPU/10-core GPU;16GB;1TB;Sky Blue,MDVT4ZP/A,,2649.0,2649,BACKORDER,VERIFIED,https://www.istudiosg.com/products/15-inch-macbook-air-mdvt4zp-a,hard-negative-storage,2026-09-30
5,P006,Mac,14-inch MacBook Pro M5,10-core CPU/10-core GPU;16GB;1TB;Silver,MDE54ZP/A,,2699.0,2699,UNKNOWN,VERIFIED,https://www.istudiosg.com/products/14-inch-macbook-pro-m5-mde54zp-a,family-disambiguation,2026-09-30
6,P007,Mac,13-inch MacBook Neo A18 Pro,6-core CPU/5-core GPU;8GB;256GB;Silver,MHFA4ZP/A,195950851076.0,999.0,999,OUT_OF_STOCK,VERIFIED,https://www.istudiosg.com/products/13-inch-macbook-neo-mhfa4zp-a,new-family,2026-09-30
7,P008,iPad,iPad A16 Wi-Fi,128GB;Silver,MD3Y4ZP/A,195950086348.0,649.0,649,UNKNOWN,VERIFIED,https://www.istudiosg.com/products/2025-ipad-a16-md3y4zp-a,baseline,2026-09-30
8,P009,iPad,iPad mini A17 Pro Wi-Fi,128GB;Blue,MXN73ZP/A,195949729300.0,849.0,849,OUT_OF_STOCK,VERIFIED,https://www.istudiosg.com/products/ipad-mini-a17-pro-mxn73zp-a,family-disambiguation,2026-09-30
9,P010,iPad,11-inch iPad Air M4 Wi-Fi,128GB;Space Grey,MH304ZP/A,195950823677.0,981.14,1149,UNKNOWN,VERIFIED,https://www.istudiosg.com/products/11-inch-ipad-air-m4-mh304zp-a,screen-family,2026-09-30
10,P011,iPad,11-inch iPad Air M4 Wi-Fi,512GB;Starlight,MH3D4ZP/A,195950825978.0,1431.14,1599,UNKNOWN,VERIFIED,https://www.istudiosg.com/products/11-inch-ipad-air-m4-mh3d4zp-a,hard-negative-storage,2026-09-30
11,P012,iPad,13-inch iPad Air M4 Wi-Fi,128GB;Blue,MH5P4ZP/A,195950798142.0,1269.15,1449,OUT_OF_STOCK,VERIFIED,https://www.istudiosg.com/products/13-inch-ipad-air-m4-mh5p4zp-a,hard-negative-screen-size,2026-09-30
12,P013,iPad,11-inch iPad Pro M5 Wi-Fi,256GB;Space Black;Standard Glass,MDWK4ZP/A,195950395518.0,1799.0,1799,BACKORDER,VERIFIED,https://www.istudiosg.com/products/11-inch-ipad-pro-m5-mdwk4zp-a,air-vs-pro,2026-09-30
13,P014,Audio,AirPods 4,standard,MXP63ZA/A,195949688577.0,199.0,199,UNKNOWN,VERIFIED,https://www.istudiosg.com/products/airpods-4-mxp63za-a,hard-negative-feature,2026-09-30
14,P015,Audio,AirPods 4 with Active Noise Cancellation,ANC,MXP93ZA/A,,249.0,249,UNKNOWN,VERIFIED,https://www.istudiosg.com/products/airpods-4-with-active-noise-cancellation-mxp93za-a,hard-negative-feature,2026-09-30
15,P016,Audio,AirPods Pro 3,USB-C MagSafe case,MFHP4ZA/A,195950543728.0,349.0,349,OUT_OF_STOCK,VERIFIED,https://www.istudiosg.com/products/airpods-pro-3-mfhp4za-a,generation-family,2026-09-30
16,P017,Audio,EarPods USB-C,wired USB-C,MYQY3FE/A,195949776236.0,29.0,29,OUT_OF_STOCK,VERIFIED,https://www.istudiosg.com/products/earpods-usb-c-myqy3fe-a,wired-vs-wireless,2026-09-30
17,P018,Watch,Apple Watch SE 3 GPS 40mm,Starlight Aluminium;Sand Sport Band;S/M,MJKR4X/A,,349.0,349,OUT_OF_STOCK,VERIFIED,https://www.istudiosg.com/products/2026-apple-watch-se-sport-band-3rd-generation-mjkr4x-a,exact-id-cross-retailer,2026-09-30
18,P019,Watch,Apple Watch SE 3 GPS 44mm,Midnight Aluminium;Navy Blue Sport Band;S/M,MJL74X/A,195951259840.0,389.0,389,UNKNOWN,VERIFIED,https://www.istudiosg.com/products/2026-apple-watch-se-sport-band-3rd-generation-mjl74x-a,hard-negative-case-size,2026-09-30
19,P020,Watch,Apple Watch SE 3 GPS + Cellular 44mm,Midnight Aluminium;Navy Blue Sport Band;S/M,MJLQ4X/A,195951261454.0,459.0,459,OUT_OF_STOCK,VERIFIED,https://www.istudiosg.com/products/2026-apple-watch-se-sport-band-3rd-generation-mjlq4x-a,hard-negative-connectivity,2026-09-30
20,P021,Watch,Apple Watch Ultra 3 GPS + Cellular 49mm,Black Titanium;Black Trail Loop,MF1D4X/A,,1199.0,1199,OUT_OF_STOCK,VERIFIED,https://www.istudiosg.com/products/apple-watch-ultra-3-trail-loop-mf1d4x-a,family-band,2026-09-30
21,P022,Accessory,Apple Pencil Pro,2024,MX2D3ZA/A,195949573101.0,161.94,199,OUT_OF_STOCK,VERIFIED,https://www.istudiosg.com/products/2024-apple-pencil-pro-mx2d3za-a,pencil-type,2026-09-30
22,P023,Accessory,Apple Pencil USB-C,USB-C,MUWA3ZA/A,195949133671.0,119.0,119,OUT_OF_STOCK,VERIFIED,https://www.istudiosg.com/products/2023-apple-pencil-usb-c-muwa3za-a,pencil-hard-negative,2026-09-30
23,P024,Accessory,Magic Mouse USB-C,White Multi-Touch Surface,MXK53ZA/A,195949655975.0,99.0,99,UNKNOWN,VERIFIED,https://www.istudiosg.com/products/magic-mouse-usb-c-mxk53za-a,colour-connector,2026-09-30
24,P025,Accessory,20W USB-C Power Adapter,20W,MUVT3ZP/A,195949121364.0,29.0,29,OUT_OF_STOCK,VERIFIED,https://www.istudiosg.com/products/20w-usb-c-power-adapter-muvt3zp-a,wattage,2026-09-30
25,P026,Accessory,35W Dual USB-C Port Power Adapter,35W dual port,MW2K3ZP/A,195949376740.0,79.0,79,OUT_OF_STOCK,VERIFIED,https://www.istudiosg.com/products/35w-dual-usb-c-port-power-adapter-mw2k3zp-a,wattage-port-count,2026-09-30
26,P027,Accessory,MagSafe Charger,1m,MGD74AM/A,195950636482.0,59.0,59,UNKNOWN,VERIFIED,https://www.istudiosg.com/products/magsafe-charger-1m-mgd74am-a,charger-length,2026-09-30
27,P028,Accessory,AirTag 2nd Generation,1 pack,MFE94ZP/A,195950667370.0,45.0,45,UNKNOWN,VERIFIED,https://www.istudiosg.com/products/airtag-mfe94zp-a,generation-pack,2026-09-30
28,P029,Accessory,Apple TV 4K 3rd generation,Wi-Fi + Ethernet;128GB,MN893PA/A,194253515456.0,379.0,379,UNKNOWN,VERIFIED,https://www.istudiosg.com/products/2022-apple-tv-4k-3rd-generation-mn893pa-a,exact-id-cross-retailer,2026-09-30
29,P030,Accessory,Apple Watch Magnetic Fast Charger to USB-C Cable,1m,MT0H3FE/A,195949102202.0,39.0,39,UNKNOWN,VERIFIED,https://www.istudiosg.com/products/apple-watch-magnetic-fast-charger-to-usb-c-cable-1-m-mt0h3fe-a,accessory-ambiguity,2026-09-30